zr_conc,repeat_index,seed,reached_target,time_to_target_seconds,final_entities,steps_executed,simulated_time_seconds,prebound_fraction,effective_zr6_conc,effective_zr6_fraction_for_growth,effective_linker_conc,external_addition_activity,total_external_addition_channel_activity,legacy_external_addition_activity,free_zr6_addition_activity,free_linker_addition_activity,prebound_zr_bdc_addition_activity,distorted_chemistry_model,prebound_growth_attempts,prebound_growth_successes,prebound_growth_failures,prebound_entities_added,prebound_linkages_formed,prebound_free_growth_site_delta,prebound_ready_pair_delta,wall_seconds
24.0,0,41000,True,80.65075220183455,8,6802,80.65075220183455,0.3210799322130391,3.892973355928987,0.9732433389822468,2.7156802711478436,0.8128680296795017,1.9299637456321754,0.8128680296795017,0.9732433389822468,0.6789200677869609,0.2778003388629677,multisite_first_binding_only,590,527,63,1054,1054,5270,0,1.0682566165924072
24.0,1,41001,True,83.52317092512213,8,7788,83.52317092512213,0.3210799322130391,3.892973355928987,0.9732433389822468,2.7156802711478436,0.8128680296795017,1.9299637456321754,0.8128680296795017,0.9732433389822468,0.6789200677869609,0.2778003388629677,multisite_first_binding_only,650,598,52,1196,1196,5980,0,1.200211524963379
24.0,2,41002,True,106.37289626678715,8,9890,106.37289626678715,0.3210799322130391,3.892973355928987,0.9732433389822468,2.7156802711478436,0.8128680296795017,1.9299637456321754,0.8128680296795017,0.9732433389822468,0.6789200677869609,0.2778003388629677,multisite_first_binding_only,896,825,71,1650,1650,8250,0,1.5422108173370361
24.0,3,41003,True,8.065966040327009,8,796,8.065966040327009,0.3210799322130391,3.892973355928987,0.9732433389822468,2.7156802711478436,0.8128680296795017,1.9299637456321754,0.8128680296795017,0.9732433389822468,0.6789200677869609,0.2778003388629677,multisite_first_binding_only,67,64,3,128,128,640,0,0.12871670722961426
24.0,4,41004,True,181.7357379487516,8,16333,181.7357379487516,0.3210799322130391,3.892973355928987,0.9732433389822468,2.7156802711478436,0.8128680296795017,1.9299637456321754,0.8128680296795017,0.9732433389822468,0.6789200677869609,0.2778003388629677,multisite_first_binding_only,1418,1308,110,2616,2616,13080,0,2.4996821880340576
24.0,5,41005,True,92.98409084679625,8,8508,92.98409084679625,0.3210799322130391,3.892973355928987,0.9732433389822468,2.7156802711478436,0.8128680296795017,1.9299637456321754,0.8128680296795017,0.9732433389822468,0.6789200677869609,0.2778003388629677,multisite_first_binding_only,755,681,74,1362,1362,6810,0,1.3369872570037842
24.0,6,41006,True,13.469749940840135,8,1332,13.469749940840135,0.3210799322130391,3.892973355928987,0.9732433389822468,2.7156802711478436,0.8128680296795017,1.9299637456321754,0.8128680296795017,0.9732433389822468,0.6789200677869609,0.2778003388629677,multisite_first_binding_only,128,117,11,234,234,1170,0,0.22422289848327637
24.0,7,41007,True,47.4941999111592,8,4266,47.4941999111592,0.3210799322130391,3.892973355928987,0.9732433389822468,2.7156802711478436,0.8128680296795017,1.9299637456321754,0.8128680296795017,0.9732433389822468,0.6789200677869609,0.2778003388629677,multisite_first_binding_only,377,335,42,670,670,3350,0,0.6856024265289307
24.0,8,41008,True,82.90566011489706,8,7872,82.90566011489706,0.3210799322130391,3.892973355928987,0.9732433389822468,2.7156802711478436,0.8128680296795017,1.9299637456321754,0.8128680296795017,0.9732433389822468,0.6789200677869609,0.2778003388629677,multisite_first_binding_only,682,623,59,1246,1246,6230,0,1.194272518157959
24.0,9,41009,True,126.41188610743143,8,11850,126.41188610743143,0.3210799322130391,3.892973355928987,0.9732433389822468,2.7156802711478436,0.8128680296795017,1.9299637456321754,0.8128680296795017,0.9732433389822468,0.6789200677869609,0.2778003388629677,multisite_first_binding_only,1026,941,85,1882,1882,9410,0,1.792788028717041
24.0,10,41010,True,6.178403117107468,8,659,6.178403117107468,0.3210799322130391,3.892973355928987,0.9732433389822468,2.7156802711478436,0.8128680296795017,1.9299637456321754,0.8128680296795017,0.9732433389822468,0.6789200677869609,0.2778003388629677,multisite_first_binding_only,68,63,5,126,126,630,0,0.11693215370178223
24.0,11,41011,True,200.3683412301732,8,18077,200.3683412301732,0.3210799322130391,3.892973355928987,0.9732433389822468,2.7156802711478436,0.8128680296795017,1.9299637456321754,0.8128680296795017,0.9732433389822468,0.6789200677869609,0.2778003388629677,multisite_first_binding_only,1577,1425,152,2850,2850,14250,0,2.69706392288208
24.0,12,41012,True,56.99601628707299,8,5437,56.99601628707299,0.3210799322130391,3.892973355928987,0.9732433389822468,2.7156802711478436,0.8128680296795017,1.9299637456321754,0.8128680296795017,0.9732433389822468,0.6789200677869609,0.2778003388629677,multisite_first_binding_only,502,468,34,936,936,4680,0,0.8103818893432617
24.0,13,41013,True,1.2836261175247035,8,126,1.2836261175247035,0.3210799322130391,3.892973355928987,0.9732433389822468,2.7156802711478436,0.8128680296795017,1.9299637456321754,0.8128680296795017,0.9732433389822468,0.6789200677869609,0.2778003388629677,multisite_first_binding_only,19,18,1,36,36,180,0,0.02586960792541504
24.0,14,41014,True,7.656832248569142,8,673,7.656832248569142,0.3210799322130391,3.892973355928987,0.9732433389822468,2.7156802711478436,0.8128680296795017,1.9299637456321754,0.8128680296795017,0.9732433389822468,0.6789200677869609,0.2778003388629677,multisite_first_binding_only,63,56,7,112,112,560,0,0.10589790344238281
24.0,15,41015,True,28.08424389330113,8,2511,28.08424389330113,0.3210799322130391,3.892973355928987,0.9732433389822468,2.7156802711478436,0.8128680296795017,1.9299637456321754,0.8128680296795017,0.9732433389822468,0.6789200677869609,0.2778003388629677,multisite_first_binding_only,218,198,20,396,396,1980,0,0.3807711601257324
24.0,16,41016,True,271.2501426589268,8,24761,271.2501426589268,0.3210799322130391,3.892973355928987,0.9732433389822468,2.7156802711478436,0.8128680296795017,1.9299637456321754,0.8128680296795017,0.9732433389822468,0.6789200677869609,0.2778003388629677,multisite_first_binding_only,2158,1980,178,3960,3960,19800,0,3.7126965522766113
24.0,17,41017,True,35.93168821773315,8,3297,35.93168821773315,0.3210799322130391,3.892973355928987,0.9732433389822468,2.7156802711478436,0.8128680296795017,1.9299637456321754,0.8128680296795017,0.9732433389822468,0.6789200677869609,0.2778003388629677,multisite_first_binding_only,280,244,36,488,488,2440,0,0.4830305576324463
24.0,18,41018,True,1.6774105370466377,8,216,1.6774105370466377,0.3210799322130391,3.892973355928987,0.9732433389822468,2.7156802711478436,0.8128680296795017,1.9299637456321754,0.8128680296795017,0.9732433389822468,0.6789200677869609,0.2778003388629677,multisite_first_binding_only,20,18,2,36,36,180,0,0.03298044204711914
24.0,19,41019,True,111.90538431249111,8,10047,111.90538431249111,0.3210799322130391,3.892973355928987,0.9732433389822468,2.7156802711478436,0.8128680296795017,1.9299637456321754,0.8128680296795017,0.9732433389822468,0.6789200677869609,0.2778003388629677,multisite_first_binding_only,848,769,79,1538,1538,7690,0,1.4781749248504639
24.0,20,41020,True,25.451919649460358,8,2411,25.451919649460358,0.3210799322130391,3.892973355928987,0.9732433389822468,2.7156802711478436,0.8128680296795017,1.9299637456321754,0.8128680296795017,0.9732433389822468,0.6789200677869609,0.2778003388629677,multisite_first_binding_only,197,187,10,374,374,1870,0,0.35658836364746094
24.0,21,41021,True,267.3341316200146,8,24191,267.3341316200146,0.3210799322130391,3.892973355928987,0.9732433389822468,2.7156802711478436,0.8128680296795017,1.9299637456321754,0.8128680296795017,0.9732433389822468,0.6789200677869609,0.2778003388629677,multisite_first_binding_only,2127,1913,214,3826,3826,19130,0,3.708608627319336
24.0,22,41022,True,8.794285062693834,8,773,8.794285062693834,0.3210799322130391,3.892973355928987,0.9732433389822468,2.7156802711478436,0.8128680296795017,1.9299637456321754,0.8128680296795017,0.9732433389822468,0.6789200677869609,0.2778003388629677,multisite_first_binding_only,64,62,2,124,124,620,0,0.11343884468078613
24.0,23,41023,True,48.70874136636641,8,4548,48.70874136636641,0.3210799322130391,3.892973355928987,0.9732433389822468,2.7156802711478436,0.8128680296795017,1.9299637456321754,0.8128680296795017,0.9732433389822468,0.6789200677869609,0.2778003388629677,multisite_first_binding_only,390,366,24,732,732,3660,0,0.6776716709136963
32.0,0,41100,True,18.28077893612508,8,1535,18.28077893612508,0.3871329173466499,5.204289027551117,0.9758041926658345,2.4514683306134004,0.7733293404494734,1.8433351739652795,0.7733293404494734,0.9758041926658345,0.6128670826533501,0.25466389864609495,multisite_first_binding_only,122,120,2,240,240,1200,0,0.21954607963562012
32.0,1,41101,True,26.00651490876159,9,2184,26.00651490876159,0.3871329173466499,5.204289027551117,0.9758041926658345,2.4514683306134004,0.7733293404494734,1.8433351739652795,0.7733293404494734,0.9758041926658345,0.6128670826533501,0.25466389864609495,multisite_first_binding_only,202,180,22,360,360,1800,0,0.34403324127197266
32.0,2,41102,True,359.4264944777258,8,31586,359.4264944777258,0.3871329173466499,5.204289027551117,0.9758041926658345,2.4514683306134004,0.7733293404494734,1.8433351739652795,0.7733293404494734,0.9758041926658345,0.6128670826533501,0.25466389864609495,multisite_first_binding_only,2708,2507,201,5014,5014,25070,0,4.599936485290527
32.0,3,41103,True,221.25901555631265,8,19392,221.25901555631265,0.3871329173466499,5.204289027551117,0.9758041926658345,2.4514683306134004,0.7733293404494734,1.8433351739652795,0.7733293404494734,0.9758041926658345,0.6128670826533501,0.25466389864609495,multisite_first_binding_only,1644,1515,129,3030,3030,15150,0,2.8135175704956055
32.0,4,41104,True,28.350333533329895,8,2531,28.350333533329895,0.3871329173466499,5.204289027551117,0.9758041926658345,2.4514683306134004,0.7733293404494734,1.8433351739652795,0.7733293404494734,0.9758041926658345,0.6128670826533501,0.25466389864609495,multisite_first_binding_only,212,202,10,404,404,2020,0,0.35758066177368164
32.0,5,41105,True,25.339390315219894,8,2357,25.339390315219894,0.3871329173466499,5.204289027551117,0.9758041926658345,2.4514683306134004,0.7733293404494734,1.8433351739652795,0.7733293404494734,0.9758041926658345,0.6128670826533501,0.25466389864609495,multisite_first_binding_only,227,207,20,414,414,2070,0,0.36160707473754883
32.0,6,41106,True,19.92580622883216,8,1642,19.92580622883216,0.3871329173466499,5.204289027551117,0.9758041926658345,2.4514683306134004,0.7733293404494734,1.8433351739652795,0.7733293404494734,0.9758041926658345,0.6128670826533501,0.25466389864609495,multisite_first_binding_only,145,129,16,258,258,1290,0,0.2487046718597412
32.0,7,41107,True,286.48888317413156,8,25412,286.48888317413156,0.3871329173466499,5.204289027551117,0.9758041926658345,2.4514683306134004,0.7733293404494734,1.8433351739652795,0.7733293404494734,0.9758041926658345,0.6128670826533501,0.25466389864609495,multisite_first_binding_only,2174,2011,163,4022,4022,20110,0,3.7017765045166016
32.0,8,41108,True,107.78595577772842,8,9555,107.78595577772842,0.3871329173466499,5.204289027551117,0.9758041926658345,2.4514683306134004,0.7733293404494734,1.8433351739652795,0.7733293404494734,0.9758041926658345,0.6128670826533501,0.25466389864609495,multisite_first_binding_only,832,766,66,1532,1532,7660,0,1.3791491985321045
32.0,9,41109,True,119.83670657320889,8,10274,119.83670657320889,0.3871329173466499,5.204289027551117,0.9758041926658345,2.4514683306134004,0.7733293404494734,1.8433351739652795,0.7733293404494734,0.9758041926658345,0.6128670826533501,0.25466389864609495,multisite_first_binding_only,867,808,59,1616,1616,8080,0,1.482374906539917
32.0,10,41110,True,103.54008976387114,8,8953,103.54008976387114,0.3871329173466499,5.204289027551117,0.9758041926658345,2.4514683306134004,0.7733293404494734,1.8433351739652795,0.7733293404494734,0.9758041926658345,0.6128670826533501,0.25466389864609495,multisite_first_binding_only,776,724,52,1448,1448,7240,0,1.2956433296203613
32.0,11,41111,True,56.21169585925796,8,4802,56.21169585925796,0.3871329173466499,5.204289027551117,0.9758041926658345,2.4514683306134004,0.7733293404494734,1.8433351739652795,0.7733293404494734,0.9758041926658345,0.6128670826533501,0.25466389864609495,multisite_first_binding_only,418,383,35,766,766,3830,0,0.6992976665496826
32.0,12,41112,True,76.11682089056728,8,6573,76.11682089056728,0.3871329173466499,5.204289027551117,0.9758041926658345,2.4514683306134004,0.7733293404494734,1.8433351739652795,0.7733293404494734,0.9758041926658345,0.6128670826533501,0.25466389864609495,multisite_first_binding_only,522,471,51,942,942,4710,0,0.9448957443237305
32.0,13,41113,True,78.17868229384696,8,6973,78.17868229384696,0.3871329173466499,5.204289027551117,0.9758041926658345,2.4514683306134004,0.7733293404494734,1.8433351739652795,0.7733293404494734,0.9758041926658345,0.6128670826533501,0.25466389864609495,multisite_first_binding_only,602,551,51,1102,1102,5510,0,1.0057995319366455
32.0,14,41114,True,265.2289882482002,9,23443,265.2289882482002,0.3871329173466499,5.204289027551117,0.9758041926658345,2.4514683306134004,0.7733293404494734,1.8433351739652795,0.7733293404494734,0.9758041926658345,0.6128670826533501,0.25466389864609495,multisite_first_binding_only,2024,1882,142,3764,3764,18820,0,3.441147804260254
32.0,15,41115,True,11.294698240894526,9,962,11.294698240894526,0.3871329173466499,5.204289027551117,0.9758041926658345,2.4514683306134004,0.7733293404494734,1.8433351739652795,0.7733293404494734,0.9758041926658345,0.6128670826533501,0.25466389864609495,multisite_first_binding_only,89,83,6,166,166,830,0,0.15553975105285645
32.0,16,41116,True,20.48604206454004,9,1798,20.48604206454004,0.3871329173466499,5.204289027551117,0.9758041926658345,2.4514683306134004,0.7733293404494734,1.8433351739652795,0.7733293404494734,0.9758041926658345,0.6128670826533501,0.25466389864609495,multisite_first_binding_only,147,135,12,270,270,1350,0,0.2600126266479492
32.0,17,41117,True,4.90799445687476,8,456,4.90799445687476,0.3871329173466499,5.204289027551117,0.9758041926658345,2.4514683306134004,0.7733293404494734,1.8433351739652795,0.7733293404494734,0.9758041926658345,0.6128670826533501,0.25466389864609495,multisite_first_binding_only,41,38,3,76,76,380,0,0.06964421272277832
32.0,18,41118,True,193.6681715708215,8,16929,193.6681715708215,0.3871329173466499,5.204289027551117,0.9758041926658345,2.4514683306134004,0.7733293404494734,1.8433351739652795,0.7733293404494734,0.9758041926658345,0.6128670826533501,0.25466389864609495,multisite_first_binding_only,1384,1276,108,2552,2552,12760,0,2.4098801612854004
32.0,19,41119,True,346.82308411513367,8,30425,346.82308411513367,0.3871329173466499,5.204289027551117,0.9758041926658345,2.4514683306134004,0.7733293404494734,1.8433351739652795,0.7733293404494734,0.9758041926658345,0.6128670826533501,0.25466389864609495,multisite_first_binding_only,2580,2379,201,4758,4758,23790,0,4.554399013519287
32.0,20,41120,True,38.05773675710039,8,3137,38.05773675710039,0.3871329173466499,5.204289027551117,0.9758041926658345,2.4514683306134004,0.7733293404494734,1.8433351739652795,0.7733293404494734,0.9758041926658345,0.6128670826533501,0.25466389864609495,multisite_first_binding_only,257,237,20,474,474,2370,0,0.44058775901794434
32.0,21,41121,True,28.75941411674473,8,2503,28.75941411674473,0.3871329173466499,5.204289027551117,0.9758041926658345,2.4514683306134004,0.7733293404494734,1.8433351739652795,0.7733293404494734,0.9758041926658345,0.6128670826533501,0.25466389864609495,multisite_first_binding_only,195,180,15,360,360,1800,0,0.3574514389038086
32.0,22,41122,True,121.55138723979283,8,10336,121.55138723979283,0.3871329173466499,5.204289027551117,0.9758041926658345,2.4514683306134004,0.7733293404494734,1.8433351739652795,0.7733293404494734,0.9758041926658345,0.6128670826533501,0.25466389864609495,multisite_first_binding_only,879,821,58,1642,1642,8210,0,1.5032782554626465
32.0,23,41123,True,15.095691704752433,8,1445,15.095691704752433,0.3871329173466499,5.204289027551117,0.9758041926658345,2.4514683306134004,0.7733293404494734,1.8433351739652795,0.7733293404494734,0.9758041926658345,0.6128670826533501,0.25466389864609495,multisite_first_binding_only,138,132,6,264,264,1320,0,0.21920037269592285
40.0,0,41200,True,1066.4622194068304,8,88977,1066.4622194068304,0.441570459657896,6.519476513447368,0.9779214770171052,2.233718161368416,0.7389859544682384,1.7713750173853657,0.7389859544682384,0.9779214770171052,0.558429540342104,0.23502400002615662,multisite_first_binding_only,7533,7044,489,14088,14088,70440,0,13.408830404281616
40.0,1,41201,True,295.9860664405109,8,24741,295.9860664405109,0.441570459657896,6.519476513447368,0.9779214770171052,2.233718161368416,0.7389859544682384,1.7713750173853657,0.7389859544682384,0.9779214770171052,0.558429540342104,0.23502400002615662,multisite_first_binding_only,2087,1962,125,3924,3924,19620,0,3.5547080039978027
40.0,2,41202,True,127.11767343472138,8,10410,127.11767343472138,0.441570459657896,6.519476513447368,0.9779214770171052,2.233718161368416,0.7389859544682384,1.7713750173853657,0.7389859544682384,0.9779214770171052,0.558429540342104,0.23502400002615662,multisite_first_binding_only,840,791,49,1582,1582,7910,0,1.4595510959625244
40.0,3,41203,True,17.726987015176196,8,1404,17.726987015176196,0.441570459657896,6.519476513447368,0.9779214770171052,2.233718161368416,0.7389859544682384,1.7713750173853657,0.7389859544682384,0.9779214770171052,0.558429540342104,0.23502400002615662,multisite_first_binding_only,105,97,8,194,194,970,0,0.19360995292663574
40.0,4,41204,True,33.90066702638929,8,2802,33.90066702638929,0.441570459657896,6.519476513447368,0.9779214770171052,2.233718161368416,0.7389859544682384,1.7713750173853657,0.7389859544682384,0.9779214770171052,0.558429540342104,0.23502400002615662,multisite_first_binding_only,234,220,14,440,440,2200,0,0.39826464653015137
40.0,5,41205,True,28.074597538469643,8,2506,28.074597538469643,0.441570459657896,6.519476513447368,0.9779214770171052,2.233718161368416,0.7389859544682384,1.7713750173853657,0.7389859544682384,0.9779214770171052,0.558429540342104,0.23502400002615662,multisite_first_binding_only,237,224,13,448,448,2240,0,0.37600064277648926
40.0,6,41206,True,192.82337660269752,8,16206,192.82337660269752,0.441570459657896,6.519476513447368,0.9779214770171052,2.233718161368416,0.7389859544682384,1.7713750173853657,0.7389859544682384,0.9779214770171052,0.558429540342104,0.23502400002615662,multisite_first_binding_only,1396,1315,81,2630,2630,13150,0,2.395555257797241
40.0,7,41207,True,0.554642859731637,8,41,0.554642859731637,0.441570459657896,6.519476513447368,0.9779214770171052,2.233718161368416,0.7389859544682384,1.7713750173853657,0.7389859544682384,0.9779214770171052,0.558429540342104,0.23502400002615662,multisite_first_binding_only,6,4,2,8,8,40,0,0.012799739837646484
40.0,8,41208,True,62.88209677613851,8,5490,62.88209677613851,0.441570459657896,6.519476513447368,0.9779214770171052,2.233718161368416,0.7389859544682384,1.7713750173853657,0.7389859544682384,0.9779214770171052,0.558429540342104,0.23502400002615662,multisite_first_binding_only,464,433,31,866,866,4330,0,0.7973785400390625
40.0,9,41209,True,770.0162699797899,8,64223,770.0162699797899,0.441570459657896,6.519476513447368,0.9779214770171052,2.233718161368416,0.7389859544682384,1.7713750173853657,0.7389859544682384,0.9779214770171052,0.558429540342104,0.23502400002615662,multisite_first_binding_only,5399,5032,367,10064,10064,50320,0,9.796091794967651
40.0,10,41210,True,58.007943833691776,9,5105,58.007943833691776,0.441570459657896,6.519476513447368,0.9779214770171052,2.233718161368416,0.7389859544682384,1.7713750173853657,0.7389859544682384,0.9779214770171052,0.558429540342104,0.23502400002615662,multisite_first_binding_only,472,438,34,876,876,4380,0,0.7710230350494385
40.0,11,41211,True,50.21356835975985,8,4273,50.21356835975985,0.441570459657896,6.519476513447368,0.9779214770171052,2.233718161368416,0.7389859544682384,1.7713750173853657,0.7389859544682384,0.9779214770171052,0.558429540342104,0.23502400002615662,multisite_first_binding_only,354,326,28,652,652,3260,0,0.5979909896850586
40.0,12,41212,True,753.9285670988394,8,63616,753.9285670988394,0.441570459657896,6.519476513447368,0.9779214770171052,2.233718161368416,0.7389859544682384,1.7713750173853657,0.7389859544682384,0.9779214770171052,0.558429540342104,0.23502400002615662,multisite_first_binding_only,5396,5017,379,10034,10034,50170,0,9.764989852905273
40.0,13,41213,True,345.0607339791781,8,28687,345.0607339791781,0.441570459657896,6.519476513447368,0.9779214770171052,2.233718161368416,0.7389859544682384,1.7713750173853657,0.7389859544682384,0.9779214770171052,0.558429540342104,0.23502400002615662,multisite_first_binding_only,2463,2297,166,4594,4594,22970,0,4.2635178565979
40.0,14,41214,True,287.6566634807953,8,23968,287.6566634807953,0.441570459657896,6.519476513447368,0.9779214770171052,2.233718161368416,0.7389859544682384,1.7713750173853657,0.7389859544682384,0.9779214770171052,0.558429540342104,0.23502400002615662,multisite_first_binding_only,2084,1944,140,3888,3888,19440,0,3.6242401599884033
40.0,15,41215,True,89.57549705851937,8,7486,89.57549705851937,0.441570459657896,6.519476513447368,0.9779214770171052,2.233718161368416,0.7389859544682384,1.7713750173853657,0.7389859544682384,0.9779214770171052,0.558429540342104,0.23502400002615662,multisite_first_binding_only,640,597,43,1194,1194,5970,0,1.1250832080841064
40.0,16,41216,True,281.95234462212017,9,23703,281.95234462212017,0.441570459657896,6.519476513447368,0.9779214770171052,2.233718161368416,0.7389859544682384,1.7713750173853657,0.7389859544682384,0.9779214770171052,0.558429540342104,0.23502400002615662,multisite_first_binding_only,2008,1878,130,3756,3756,18780,0,3.485506296157837
40.0,17,41217,True,42.751661929470586,8,3751,42.751661929470586,0.441570459657896,6.519476513447368,0.9779214770171052,2.233718161368416,0.7389859544682384,1.7713750173853657,0.7389859544682384,0.9779214770171052,0.558429540342104,0.23502400002615662,multisite_first_binding_only,333,308,25,616,616,3080,0,0.5602397918701172
40.0,18,41218,True,28.192410219909778,8,2248,28.192410219909778,0.441570459657896,6.519476513447368,0.9779214770171052,2.233718161368416,0.7389859544682384,1.7713750173853657,0.7389859544682384,0.9779214770171052,0.558429540342104,0.23502400002615662,multisite_first_binding_only,180,172,8,344,344,1720,0,0.3082880973815918
40.0,19,41219,True,100.96085835066853,8,8701,100.96085835066853,0.441570459657896,6.519476513447368,0.9779214770171052,2.233718161368416,0.7389859544682384,1.7713750173853657,0.7389859544682384,0.9779214770171052,0.558429540342104,0.23502400002615662,multisite_first_binding_only,776,731,45,1462,1462,7310,0,1.3455162048339844
40.0,20,41220,True,189.2795852055651,9,15779,189.2795852055651,0.441570459657896,6.519476513447368,0.9779214770171052,2.233718161368416,0.7389859544682384,1.7713750173853657,0.7389859544682384,0.9779214770171052,0.558429540342104,0.23502400002615662,multisite_first_binding_only,1339,1255,84,2510,2510,12550,0,2.326578140258789
40.0,21,41221,True,133.03432994337953,8,11358,133.03432994337953,0.441570459657896,6.519476513447368,0.9779214770171052,2.233718161368416,0.7389859544682384,1.7713750173853657,0.7389859544682384,0.9779214770171052,0.558429540342104,0.23502400002615662,multisite_first_binding_only,948,884,64,1768,1768,8840,0,1.863016128540039
40.0,22,41222,True,10.763868134497418,8,869,10.763868134497418,0.441570459657896,6.519476513447368,0.9779214770171052,2.233718161368416,0.7389859544682384,1.7713750173853657,0.7389859544682384,0.9779214770171052,0.558429540342104,0.23502400002615662,multisite_first_binding_only,68,64,4,128,128,640,0,0.1213221549987793
40.0,23,41223,True,189.68323827674504,9,16186,189.68323827674504,0.441570459657896,6.519476513447368,0.9779214770171052,2.233718161368416,0.7389859544682384,1.7713750173853657,0.7389859544682384,0.9779214770171052,0.558429540342104,0.23502400002615662,multisite_first_binding_only,1395,1291,104,2582,2582,12910,0,2.6680080890655518
48.0,0,41300,True,871.0337815595822,8,70992,871.0337815595822,0.48718873150372677,7.837603756165424,0.979700469520678,2.051245073985093,0.7088028220325405,1.7106683023190756,0.7088028220325405,0.979700469520678,0.5128112684962732,0.2181565643021244,multisite_first_binding_only,5990,5682,308,11364,11364,56820,0,10.744943857192993
48.0,1,41301,True,1331.0951085939867,8,107107,1331.0951085939867,0.48718873150372677,7.837603756165424,0.979700469520678,2.051245073985093,0.7088028220325405,1.7106683023190756,0.7088028220325405,0.979700469520678,0.5128112684962732,0.2181565643021244,multisite_first_binding_only,9045,8511,534,17022,17022,85110,0,16.438438415527344
48.0,2,41302,True,169.89797169205622,8,13708,169.89797169205622,0.48718873150372677,7.837603756165424,0.979700469520678,2.051245073985093,0.7088028220325405,1.7106683023190756,0.7088028220325405,0.979700469520678,0.5128112684962732,0.2181565643021244,multisite_first_binding_only,1180,1110,70,2220,2220,11100,0,2.2443816661834717
48.0,3,41303,True,33.35303823121048,8,2534,33.35303823121048,0.48718873150372677,7.837603756165424,0.979700469520678,2.051245073985093,0.7088028220325405,1.7106683023190756,0.7088028220325405,0.979700469520678,0.5128112684962732,0.2181565643021244,multisite_first_binding_only,215,208,7,416,416,2080,0,0.418306827545166
48.0,4,41304,True,1562.3907832219652,8,126438,1562.3907832219652,0.48718873150372677,7.837603756165424,0.979700469520678,2.051245073985093,0.7088028220325405,1.7106683023190756,0.7088028220325405,0.979700469520678,0.5128112684962732,0.2181565643021244,multisite_first_binding_only,10610,10023,587,20046,20046,100230,0,19.063117027282715
48.0,5,41305,True,827.3532768460775,8,67044,827.3532768460775,0.48718873150372677,7.837603756165424,0.979700469520678,2.051245073985093,0.7088028220325405,1.7106683023190756,0.7088028220325405,0.979700469520678,0.5128112684962732,0.2181565643021244,multisite_first_binding_only,5623,5295,328,10590,10590,52950,0,10.007476806640625
48.0,6,41306,True,506.48137789265115,8,41021,506.48137789265115,0.48718873150372677,7.837603756165424,0.979700469520678,2.051245073985093,0.7088028220325405,1.7106683023190756,0.7088028220325405,0.979700469520678,0.5128112684962732,0.2181565643021244,multisite_first_binding_only,3396,3215,181,6430,6430,32150,0,6.0204010009765625
48.0,7,41307,True,460.3819925568559,8,36954,460.3819925568559,0.48718873150372677,7.837603756165424,0.979700469520678,2.051245073985093,0.7088028220325405,1.7106683023190756,0.7088028220325405,0.979700469520678,0.5128112684962732,0.2181565643021244,multisite_first_binding_only,3121,2949,172,5898,5898,29490,0,5.555325746536255
48.0,8,41308,True,246.15597500961408,8,20506,246.15597500961408,0.48718873150372677,7.837603756165424,0.979700469520678,2.051245073985093,0.7088028220325405,1.7106683023190756,0.7088028220325405,0.979700469520678,0.5128112684962732,0.2181565643021244,multisite_first_binding_only,1677,1580,97,3160,3160,15800,0,3.0207505226135254
48.0,9,41309,True,227.4595644434593,8,17958,227.4595644434593,0.48718873150372677,7.837603756165424,0.979700469520678,2.051245073985093,0.7088028220325405,1.7106683023190756,0.7088028220325405,0.979700469520678,0.5128112684962732,0.2181565643021244,multisite_first_binding_only,1510,1426,84,2852,2852,14260,0,2.661156177520752
48.0,10,41310,True,170.49962411639385,8,13710,170.49962411639385,0.48718873150372677,7.837603756165424,0.979700469520678,2.051245073985093,0.7088028220325405,1.7106683023190756,0.7088028220325405,0.979700469520678,0.5128112684962732,0.2181565643021244,multisite_first_binding_only,1152,1096,56,2192,2192,10960,0,2.0928385257720947
48.0,11,41311,True,786.3650471621356,8,63693,786.3650471621356,0.48718873150372677,7.837603756165424,0.979700469520678,2.051245073985093,0.7088028220325405,1.7106683023190756,0.7088028220325405,0.979700469520678,0.5128112684962732,0.2181565643021244,multisite_first_binding_only,5284,4984,300,9968,9968,49840,0,9.509180307388306
48.0,12,41312,True,356.8963435905457,8,28938,356.8963435905457,0.48718873150372677,7.837603756165424,0.979700469520678,2.051245073985093,0.7088028220325405,1.7106683023190756,0.7088028220325405,0.979700469520678,0.5128112684962732,0.2181565643021244,multisite_first_binding_only,2459,2312,147,4624,4624,23120,0,4.387183904647827
48.0,13,41313,True,1198.8028908811898,8,97937,1198.8028908811898,0.48718873150372677,7.837603756165424,0.979700469520678,2.051245073985093,0.7088028220325405,1.7106683023190756,0.7088028220325405,0.979700469520678,0.5128112684962732,0.2181565643021244,multisite_first_binding_only,8210,7726,484,15452,15452,77260,0,14.758513689041138
48.0,14,41314,True,578.1518344877211,8,46086,578.1518344877211,0.48718873150372677,7.837603756165424,0.979700469520678,2.051245073985093,0.7088028220325405,1.7106683023190756,0.7088028220325405,0.979700469520678,0.5128112684962732,0.2181565643021244,multisite_first_binding_only,3910,3676,234,7352,7352,36760,0,7.114602088928223
48.0,15,41315,True,1077.5294078136883,8,86796,1077.5294078136883,0.48718873150372677,7.837603756165424,0.979700469520678,2.051245073985093,0.7088028220325405,1.7106683023190756,0.7088028220325405,0.979700469520678,0.5128112684962732,0.2181565643021244,multisite_first_binding_only,7332,6944,388,13888,13888,69440,0,12.76942491531372
48.0,16,41316,True,282.4540475209951,8,22848,282.4540475209951,0.48718873150372677,7.837603756165424,0.979700469520678,2.051245073985093,0.7088028220325405,1.7106683023190756,0.7088028220325405,0.979700469520678,0.5128112684962732,0.2181565643021244,multisite_first_binding_only,1967,1855,112,3710,3710,18550,0,3.515453577041626
48.0,17,41317,True,54.84739430836701,8,4421,54.84739430836701,0.48718873150372677,7.837603756165424,0.979700469520678,2.051245073985093,0.7088028220325405,1.7106683023190756,0.7088028220325405,0.979700469520678,0.5128112684962732,0.2181565643021244,multisite_first_binding_only,341,329,12,658,658,3290,0,0.6178452968597412
48.0,18,41318,True,56.63162779023347,8,4711,56.63162779023347,0.48718873150372677,7.837603756165424,0.979700469520678,2.051245073985093,0.7088028220325405,1.7106683023190756,0.7088028220325405,0.979700469520678,0.5128112684962732,0.2181565643021244,multisite_first_binding_only,413,394,19,788,788,3940,0,0.7281489372253418
48.0,19,41319,True,166.79264552159214,9,13703,166.79264552159214,0.48718873150372677,7.837603756165424,0.979700469520678,2.051245073985093,0.7088028220325405,1.7106683023190756,0.7088028220325405,0.979700469520678,0.5128112684962732,0.2181565643021244,multisite_first_binding_only,1210,1135,75,2270,2270,11350,0,2.1428699493408203
48.0,20,41320,True,561.1778132549587,8,45649,561.1778132549587,0.48718873150372677,7.837603756165424,0.979700469520678,2.051245073985093,0.7088028220325405,1.7106683023190756,0.7088028220325405,0.979700469520678,0.5128112684962732,0.2181565643021244,multisite_first_binding_only,3744,3535,209,7070,7070,35350,0,6.661441326141357
48.0,21,41321,True,313.10588447859726,9,25682,313.10588447859726,0.48718873150372677,7.837603756165424,0.979700469520678,2.051245073985093,0.7088028220325405,1.7106683023190756,0.7088028220325405,0.979700469520678,0.5128112684962732,0.2181565643021244,multisite_first_binding_only,2131,2030,101,4060,4060,20300,0,3.845564365386963
48.0,22,41322,True,2757.6379477818873,8,223103,2757.6379477818873,0.48718873150372677,7.837603756165424,0.979700469520678,2.051245073985093,0.7088028220325405,1.7106683023190756,0.7088028220325405,0.979700469520678,0.5128112684962732,0.2181565643021244,multisite_first_binding_only,18801,17760,1041,35520,35520,177600,0,32.47715950012207
48.0,23,41323,True,211.2820589251711,8,17385,211.2820589251711,0.48718873150372677,7.837603756165424,0.979700469520678,2.051245073985093,0.7088028220325405,1.7106683023190756,0.7088028220325405,0.979700469520678,0.5128112684962732,0.2181565643021244,multisite_first_binding_only,1504,1430,74,2860,2860,14300,0,2.6287002563476562
64.0,0,41400,True,280.85585740000755,8,22564,280.85585740000755,0.5593061075766164,10.480231297474461,0.9825216841382307,1.7627755696935345,0.6580207484367459,1.613922681270184,0.6580207484367459,0.9825216841382307,0.44069389242338364,0.19070710470856952,multisite_first_binding_only,1891,1799,92,3598,3598,17990,0,3.2111732959747314
64.0,1,41401,True,419.10219791037355,9,31992,419.10219791037355,0.5593061075766164,10.480231297474461,0.9825216841382307,1.7627755696935345,0.6580207484367459,1.613922681270184,0.6580207484367459,0.9825216841382307,0.44069389242338364,0.19070710470856952,multisite_first_binding_only,2645,2536,109,5072,5072,25360,0,4.703517436981201
64.0,2,41402,True,106.26716393678755,8,8258,106.26716393678755,0.5593061075766164,10.480231297474461,0.9825216841382307,1.7627755696935345,0.6580207484367459,1.613922681270184,0.6580207484367459,0.9825216841382307,0.44069389242338364,0.19070710470856952,multisite_first_binding_only,682,649,33,1298,1298,6490,0,1.1214005947113037
64.0,3,41403,True,99.34783924669162,8,7736,99.34783924669162,0.5593061075766164,10.480231297474461,0.9825216841382307,1.7627755696935345,0.6580207484367459,1.613922681270184,0.6580207484367459,0.9825216841382307,0.44069389242338364,0.19070710470856952,multisite_first_binding_only,677,648,29,1296,1296,6480,0,1.097491979598999
64.0,4,41404,True,2302.660030727096,8,176262,2302.660030727096,0.5593061075766164,10.480231297474461,0.9825216841382307,1.7627755696935345,0.6580207484367459,1.613922681270184,0.6580207484367459,0.9825216841382307,0.44069389242338364,0.19070710470856952,multisite_first_binding_only,14669,14013,656,28026,28026,140130,0,25.008147716522217
64.0,5,41405,True,707.7527609901258,8,54083,707.7527609901258,0.5593061075766164,10.480231297474461,0.9825216841382307,1.7627755696935345,0.6580207484367459,1.613922681270184,0.6580207484367459,0.9825216841382307,0.44069389242338364,0.19070710470856952,multisite_first_binding_only,4360,4170,190,8340,8340,41700,0,7.803072690963745
64.0,6,41406,True,962.4696205720325,8,73400,962.4696205720325,0.5593061075766164,10.480231297474461,0.9825216841382307,1.7627755696935345,0.6580207484367459,1.613922681270184,0.6580207484367459,0.9825216841382307,0.44069389242338364,0.19070710470856952,multisite_first_binding_only,6028,5786,242,11572,11572,57860,0,10.655120372772217
64.0,7,41407,True,1006.6540388008569,8,77667,1006.6540388008569,0.5593061075766164,10.480231297474461,0.9825216841382307,1.7627755696935345,0.6580207484367459,1.613922681270184,0.6580207484367459,0.9825216841382307,0.44069389242338364,0.19070710470856952,multisite_first_binding_only,6452,6185,267,12370,12370,61850,0,11.251147508621216
64.0,8,41408,True,2403.025935069398,8,184210,2403.025935069398,0.5593061075766164,10.480231297474461,0.9825216841382307,1.7627755696935345,0.6580207484367459,1.613922681270184,0.6580207484367459,0.9825216841382307,0.44069389242338364,0.19070710470856952,multisite_first_binding_only,15170,14477,693,28954,28954,144770,0,26.018265962600708
64.0,9,41409,True,1605.5713332270586,8,123004,1605.5713332270586,0.5593061075766164,10.480231297474461,0.9825216841382307,1.7627755696935345,0.6580207484367459,1.613922681270184,0.6580207484367459,0.9825216841382307,0.44069389242338364,0.19070710470856952,multisite_first_binding_only,10215,9775,440,19550,19550,97750,0,17.583404779434204
64.0,10,41410,True,1409.6512027681938,8,107990,1409.6512027681938,0.5593061075766164,10.480231297474461,0.9825216841382307,1.7627755696935345,0.6580207484367459,1.613922681270184,0.6580207484367459,0.9825216841382307,0.44069389242338364,0.19070710470856952,multisite_first_binding_only,8859,8504,355,17008,17008,85040,0,15.365586042404175
64.0,11,41411,True,757.1206625444454,8,58186,757.1206625444454,0.5593061075766164,10.480231297474461,0.9825216841382307,1.7627755696935345,0.6580207484367459,1.613922681270184,0.6580207484367459,0.9825216841382307,0.44069389242338364,0.19070710470856952,multisite_first_binding_only,4853,4640,213,9280,9280,46400,0,8.458971500396729
64.0,12,41412,True,415.71844746567353,8,31544,415.71844746567353,0.5593061075766164,10.480231297474461,0.9825216841382307,1.7627755696935345,0.6580207484367459,1.613922681270184,0.6580207484367459,0.9825216841382307,0.44069389242338364,0.19070710470856952,multisite_first_binding_only,2688,2567,121,5134,5134,25670,0,4.62011194229126
64.0,13,41413,True,1599.9057779954996,8,122445,1599.9057779954996,0.5593061075766164,10.480231297474461,0.9825216841382307,1.7627755696935345,0.6580207484367459,1.613922681270184,0.6580207484367459,0.9825216841382307,0.44069389242338364,0.19070710470856952,multisite_first_binding_only,10126,9665,461,19330,19330,96650,0,16.938658714294434
64.0,14,41414,True,1296.469594567653,9,98027,1296.469594567653,0.5593061075766164,10.480231297474461,0.9825216841382307,1.7627755696935345,0.6580207484367459,1.613922681270184,0.6580207484367459,0.9825216841382307,0.44069389242338364,0.19070710470856952,multisite_first_binding_only,8005,7659,346,15318,15318,76590,0,13.574312925338745
64.0,15,41415,True,1993.8156844489772,8,153076,1993.8156844489772,0.5593061075766164,10.480231297474461,0.9825216841382307,1.7627755696935345,0.6580207484367459,1.613922681270184,0.6580207484367459,0.9825216841382307,0.44069389242338364,0.19070710470856952,multisite_first_binding_only,12486,11931,555,23862,23862,119310,0,20.71954345703125
64.0,16,41416,True,1111.5793088292446,8,85678,1111.5793088292446,0.5593061075766164,10.480231297474461,0.9825216841382307,1.7627755696935345,0.6580207484367459,1.613922681270184,0.6580207484367459,0.9825216841382307,0.44069389242338364,0.19070710470856952,multisite_first_binding_only,7203,6904,299,13808,13808,69040,0,12.010881423950195
64.0,17,41417,True,61.8707124566488,8,4918,61.8707124566488,0.5593061075766164,10.480231297474461,0.9825216841382307,1.7627755696935345,0.6580207484367459,1.613922681270184,0.6580207484367459,0.9825216841382307,0.44069389242338364,0.19070710470856952,multisite_first_binding_only,438,415,23,830,830,4150,0,0.6879591941833496
64.0,18,41418,True,951.7091234765293,8,72953,951.7091234765293,0.5593061075766164,10.480231297474461,0.9825216841382307,1.7627755696935345,0.6580207484367459,1.613922681270184,0.6580207484367459,0.9825216841382307,0.44069389242338364,0.19070710470856952,multisite_first_binding_only,6048,5774,274,11548,11548,57740,0,10.14831256866455
64.0,19,41419,True,3384.4905435706883,9,260358,3384.4905435706883,0.5593061075766164,10.480231297474461,0.9825216841382307,1.7627755696935345,0.6580207484367459,1.613922681270184,0.6580207484367459,0.9825216841382307,0.44069389242338364,0.19070710470856952,multisite_first_binding_only,21397,20474,923,40948,40948,204740,0,32.81437921524048
64.0,20,41420,True,217.51198404975585,8,16986,217.51198404975585,0.5593061075766164,10.480231297474461,0.9825216841382307,1.7627755696935345,0.6580207484367459,1.613922681270184,0.6580207484367459,0.9825216841382307,0.44069389242338364,0.19070710470856952,multisite_first_binding_only,1390,1340,50,2680,2680,13400,0,2.5503618717193604
64.0,21,41421,True,277.4838116740121,8,21131,277.4838116740121,0.5593061075766164,10.480231297474461,0.9825216841382307,1.7627755696935345,0.6580207484367459,1.613922681270184,0.6580207484367459,0.9825216841382307,0.44069389242338364,0.19070710470856952,multisite_first_binding_only,1691,1609,82,3218,3218,16090,0,2.9844844341278076
64.0,22,41422,True,2751.1124628844987,8,210796,2751.1124628844987,0.5593061075766164,10.480231297474461,0.9825216841382307,1.7627755696935345,0.6580207484367459,1.613922681270184,0.6580207484367459,0.9825216841382307,0.44069389242338364,0.19070710470856952,multisite_first_binding_only,17571,16792,779,33584,33584,167920,0,26.71533703804016
64.0,23,41423,True,475.22374051307617,8,36432,475.22374051307617,0.5593061075766164,10.480231297474461,0.9825216841382307,1.7627755696935345,0.6580207484367459,1.613922681270184,0.6580207484367459,0.9825216841382307,0.44069389242338364,0.19070710470856952,multisite_first_binding_only,2952,2822,130,5644,5644,28220,0,4.622509956359863
